{
	"info": {
		"_postman_id": "28a96280-02f1-4463-9c6a-d42cc801e061",
		"name": "Backend for angular diploma",
		"schema": "https://schema.getpostman.com/json/collection/v2.1.0/collection.json",
		"_exporter_id": "5916083"
	},
	"item": [
		{
			"name": "Auth",
			"item": [
				{
					"name": "Login",
					"request": {
						"method": "POST",
						"header": [],
						"body": {
							"mode": "raw",
							"raw": "{\n    \"email\": \"test@gmail.com\",\n    \"password\": \"12345678\",\n    \"rememberMe\": false\n}",
							"options": {
								"raw": {
									"language": "json"
								}
							}
						},
						"url": {
							"raw": "http://localhost:3000/api/login",
							"protocol": "http",
							"host": [
								"localhost"
							],
							"port": "3000",
							"path": [
								"api",
								"login"
							]
						}
					},
					"response": [
						{
							"name": "Login success",
							"originalRequest": {
								"method": "POST",
								"header": [],
								"body": {
									"mode": "raw",
									"raw": "{\n    \"email\": \"test@gmail.com\",\n    \"password\": \"12345678\",\n    \"rememberMe\": false\n}",
									"options": {
										"raw": {
											"language": "json"
										}
									}
								},
								"url": {
									"raw": "http://localhost:3000/api/login",
									"protocol": "http",
									"host": [
										"localhost"
									],
									"port": "3000",
									"path": [
										"api",
										"login"
									]
								}
							},
							"status": "OK",
							"code": 200,
							"_postman_previewlanguage": "json",
							"header": [
								{
									"key": "X-Powered-By",
									"value": "Express"
								},
								{
									"key": "Access-Control-Allow-Origin",
									"value": "*"
								},
								{
									"key": "Content-Type",
									"value": "application/json; charset=utf-8"
								},
								{
									"key": "Content-Length",
									"value": "480"
								},
								{
									"key": "ETag",
									"value": "W/\"1e0-/Jqf7EJrjmZciJfIrxU2JLIg1Fs\""
								},
								{
									"key": "Date",
									"value": "Sat, 21 Jan 2023 03:28:54 GMT"
								},
								{
									"key": "Connection",
									"value": "keep-alive"
								},
								{
									"key": "Keep-Alive",
									"value": "timeout=5"
								}
							],
							"cookie": [],
							"body": "{\n    \"accessToken\": \"eyJhbGciOiJIUzI1NiIsInR5cCI6IkpXVCJ9.eyJpZCI6IjYzY2E2YWNiOGM3OWQ4NmViMGZmZDdhZiIsImVtYWlsIjoidGVzdEBnbWFpbC5jb20iLCJpYXQiOjE2NzQyNzE3MzQsImV4cCI6MTY3NTEzNTczNH0.sAW6obIMT-g6_729yCX9CoAjsjcrjk9bAdICz9O8peU\",\n    \"refreshToken\": \"eyJhbGciOiJIUzI1NiIsInR5cCI6IkpXVCJ9.eyJpZCI6IjYzY2E2YWNiOGM3OWQ4NmViMGZmZDdhZiIsImVtYWlsIjoidGVzdEBnbWFpbC5jb20iLCJpYXQiOjE2NzQyNzE3MzQsImV4cCI6MTY3Njg2MzczNH0.yrZhS0HtAUV9QHi7LuutX9qmNWJRHEI7-1yxRH5TMKU\",\n    \"userId\": \"63ca6acb8c79d86eb0ffd7af\"\n}"
						},
						{
							"name": "Login failed",
							"originalRequest": {
								"method": "POST",
								"header": [],
								"body": {
									"mode": "raw",
									"raw": "{\n    \"email\": \"test@gmail.com\",\n    \"password\": \"12345678s\",\n    \"rememberMe\": false\n}",
									"options": {
										"raw": {
											"language": "json"
										}
									}
								},
								"url": {
									"raw": "http://localhost:3000/api/login",
									"protocol": "http",
									"host": [
										"localhost"
									],
									"port": "3000",
									"path": [
										"api",
										"login"
									]
								}
							},
							"status": "Unauthorized",
							"code": 401,
							"_postman_previewlanguage": "json",
							"header": [
								{
									"key": "X-Powered-By",
									"value": "Express"
								},
								{
									"key": "Access-Control-Allow-Origin",
									"value": "*"
								},
								{
									"key": "Content-Type",
									"value": "application/json; charset=utf-8"
								},
								{
									"key": "Content-Length",
									"value": "78"
								},
								{
									"key": "ETag",
									"value": "W/\"4e-6URCnKc9AlZNWYyRv7uFFmRDdi4\""
								},
								{
									"key": "Date",
									"value": "Sat, 21 Jan 2023 03:29:30 GMT"
								},
								{
									"key": "Connection",
									"value": "keep-alive"
								},
								{
									"key": "Keep-Alive",
									"value": "timeout=5"
								}
							],
							"cookie": [],
							"body": "{\n    \"error\": true,\n    \"message\": \"Неправильный E-mail или пароль\"\n}"
						}
					]
				},
				{
					"name": "Sign Up",
					"request": {
						"method": "POST",
						"header": [],
						"body": {
							"mode": "raw",
							"raw": "{\n    \"name\": \"Новый\",\n    \"email\": \"roman@itlogia.ru\",\n    \"password\": \"12345678Qq\"\n}",
							"options": {
								"raw": {
									"language": "json"
								}
							}
						},
						"url": {
							"raw": "http://localhost:3000/api/signup",
							"protocol": "http",
							"host": [
								"localhost"
							],
							"port": "3000",
							"path": [
								"api",
								"signup"
							]
						}
					},
					"response": [
						{
							"name": "Sign Up failed",
							"originalRequest": {
								"method": "POST",
								"header": [],
								"body": {
									"mode": "raw",
									"raw": "{\n    \"firstName\": \"Новый\",\n    \"lastName\": \"Пользователь\",\n    \"email\": \"roman@itlogia.ru\",\n    \"password\": \"12345678Qq\",\n    \"passwordRepeat\": \"12345678Qq\"\n}",
									"options": {
										"raw": {
											"language": "json"
										}
									}
								},
								"url": {
									"raw": "http://localhost:3000/api/signup",
									"protocol": "http",
									"host": [
										"localhost"
									],
									"port": "3000",
									"path": [
										"api",
										"signup"
									]
								}
							},
							"status": "Bad Request",
							"code": 400,
							"_postman_previewlanguage": "json",
							"header": [
								{
									"key": "X-Powered-By",
									"value": "Express"
								},
								{
									"key": "Access-Control-Allow-Origin",
									"value": "*"
								},
								{
									"key": "Content-Type",
									"value": "application/json; charset=utf-8"
								},
								{
									"key": "Content-Length",
									"value": "55"
								},
								{
									"key": "ETag",
									"value": "W/\"37-R0TjTHNZUIwcJhjsInlwzF70r2w\""
								},
								{
									"key": "Date",
									"value": "Sat, 21 Jan 2023 03:30:06 GMT"
								},
								{
									"key": "Connection",
									"value": "keep-alive"
								},
								{
									"key": "Keep-Alive",
									"value": "timeout=5"
								}
							],
							"cookie": [],
							"body": "{\n    \"error\": true,\n    \"message\": \"\\\"firstName\\\" is not allowed\"\n}"
						},
						{
							"name": "Sign Up success",
							"originalRequest": {
								"method": "POST",
								"header": [],
								"body": {
									"mode": "raw",
									"raw": "{\n    \"name\": \"Новый\",\n    \"email\": \"roman@itlogia.ru\",\n    \"password\": \"12345678Qq\"\n}",
									"options": {
										"raw": {
											"language": "json"
										}
									}
								},
								"url": {
									"raw": "http://localhost:3000/api/signup",
									"protocol": "http",
									"host": [
										"localhost"
									],
									"port": "3000",
									"path": [
										"api",
										"signup"
									]
								}
							},
							"status": "Created",
							"code": 201,
							"_postman_previewlanguage": "json",
							"header": [
								{
									"key": "X-Powered-By",
									"value": "Express"
								},
								{
									"key": "Access-Control-Allow-Origin",
									"value": "*"
								},
								{
									"key": "Content-Type",
									"value": "application/json; charset=utf-8"
								},
								{
									"key": "Content-Length",
									"value": "486"
								},
								{
									"key": "ETag",
									"value": "W/\"1e6-SVMt+RNRGX2Ao8V6cZVAEWTC5YU\""
								},
								{
									"key": "Date",
									"value": "Sat, 21 Jan 2023 03:30:37 GMT"
								},
								{
									"key": "Connection",
									"value": "keep-alive"
								},
								{
									"key": "Keep-Alive",
									"value": "timeout=5"
								}
							],
							"cookie": [],
							"body": "{\n    \"accessToken\": \"eyJhbGciOiJIUzI1NiIsInR5cCI6IkpXVCJ9.eyJpZCI6IjYzY2I1YzVjY2Q3NGRhZmE3MDJkYTc2MyIsImVtYWlsIjoicm9tYW5AaXRsb2dpYS5ydSIsImlhdCI6MTY3NDI3MTgzNiwiZXhwIjoxNjc1MTM1ODM2fQ.1UPBOlwhdrNZAQ1VhPsqUcHaeUMXLz5oIIlSfEC9oK8\",\n    \"refreshToken\": \"eyJhbGciOiJIUzI1NiIsInR5cCI6IkpXVCJ9.eyJpZCI6IjYzY2I1YzVjY2Q3NGRhZmE3MDJkYTc2MyIsImVtYWlsIjoicm9tYW5AaXRsb2dpYS5ydSIsImlhdCI6MTY3NDI3MTgzNiwiZXhwIjoxNjc2ODYzODM2fQ.QpsF_RwU9NYr1talWKeIwQRSkRPcXAt90dNaOT2_43o\",\n    \"userId\": \"63cb5c5ccd74dafa702da763\"\n}"
						}
					]
				},
				{
					"name": "Refresh",
					"request": {
						"method": "POST",
						"header": [],
						"body": {
							"mode": "raw",
							"raw": "{\n    \"refreshToken\": \"eyJhbGciOiJIUzI1NiIsInR5cCI6IkpXVCJ9.eyJpZCI6IjYzY2E2YWNiOGM3OWQ4NmViMGZmZDdhZiIsImVtYWlsIjoidGVzdEBnbWFpbC5jb20iLCJpYXQiOjE2NzQyNzE3MzQsImV4cCI6MTY3Njg2MzczNH0.yrZhS0HtAUV9QHi7LuutX9qmNWJRHEI7-1yxRH5TMKU\"\n}",
							"options": {
								"raw": {
									"language": "json"
								}
							}
						},
						"url": {
							"raw": "http://localhost:3000/api/refresh",
							"protocol": "http",
							"host": [
								"localhost"
							],
							"port": "3000",
							"path": [
								"api",
								"refresh"
							]
						}
					},
					"response": [
						{
							"name": "Refresh failed",
							"originalRequest": {
								"method": "POST",
								"header": [],
								"body": {
									"mode": "raw",
									"raw": "{\n    \"refreshToken\": \"eyJhbGciOiJIUzI1NiIsInR5cCI6IkpXVCJ9.eyJpZCI6IjYzODRkZjY3Mjc1ZDM2NzM0NTBhNDJiOSIsImVtYWlsIjoicm9tYTJuQGl0bG9naWEucnUiLCJpYXQiOjE2Njk2NTI2NTMsImV4cCI6MTY3MjI0NDY1M30.mqswedyoOuv2Y3oJopdwET9e9o4f5YmHRw9pTgU25LI\"\n}",
									"options": {
										"raw": {
											"language": "json"
										}
									}
								},
								"url": {
									"raw": "http://localhost:3000/api/refresh",
									"protocol": "http",
									"host": [
										"localhost"
									],
									"port": "3000",
									"path": [
										"api",
										"refresh"
									]
								}
							},
							"status": "Bad Request",
							"code": 400,
							"_postman_previewlanguage": "json",
							"header": [
								{
									"key": "X-Powered-By",
									"value": "Express"
								},
								{
									"key": "Access-Control-Allow-Origin",
									"value": "*"
								},
								{
									"key": "Content-Type",
									"value": "application/json; charset=utf-8"
								},
								{
									"key": "Content-Length",
									"value": "57"
								},
								{
									"key": "ETag",
									"value": "W/\"39-Ow6xLIq7y6ZLs1XMoH7a4UAJ6gE\""
								},
								{
									"key": "Date",
									"value": "Sat, 21 Jan 2023 03:31:33 GMT"
								},
								{
									"key": "Connection",
									"value": "keep-alive"
								},
								{
									"key": "Keep-Alive",
									"value": "timeout=5"
								}
							],
							"cookie": [],
							"body": "{\n    \"error\": true,\n    \"message\": \"Токен не валиден\"\n}"
						},
						{
							"name": "Refresh success",
							"originalRequest": {
								"method": "POST",
								"header": [],
								"body": {
									"mode": "raw",
									"raw": "{\n    \"refreshToken\": \"eyJhbGciOiJIUzI1NiIsInR5cCI6IkpXVCJ9.eyJpZCI6IjYzY2E2YWNiOGM3OWQ4NmViMGZmZDdhZiIsImVtYWlsIjoidGVzdEBnbWFpbC5jb20iLCJpYXQiOjE2NzQyNzE3MzQsImV4cCI6MTY3Njg2MzczNH0.yrZhS0HtAUV9QHi7LuutX9qmNWJRHEI7-1yxRH5TMKU\"\n}",
									"options": {
										"raw": {
											"language": "json"
										}
									}
								},
								"url": {
									"raw": "http://localhost:3000/api/refresh",
									"protocol": "http",
									"host": [
										"localhost"
									],
									"port": "3000",
									"path": [
										"api",
										"refresh"
									]
								}
							},
							"status": "OK",
							"code": 200,
							"_postman_previewlanguage": "json",
							"header": [
								{
									"key": "X-Powered-By",
									"value": "Express"
								},
								{
									"key": "Access-Control-Allow-Origin",
									"value": "*"
								},
								{
									"key": "Content-Type",
									"value": "application/json; charset=utf-8"
								},
								{
									"key": "Content-Length",
									"value": "480"
								},
								{
									"key": "ETag",
									"value": "W/\"1e0-fOk43PJOUXKq/2cI+oelYont5xo\""
								},
								{
									"key": "Date",
									"value": "Sat, 21 Jan 2023 03:31:59 GMT"
								},
								{
									"key": "Connection",
									"value": "keep-alive"
								},
								{
									"key": "Keep-Alive",
									"value": "timeout=5"
								}
							],
							"cookie": [],
							"body": "{\n    \"accessToken\": \"eyJhbGciOiJIUzI1NiIsInR5cCI6IkpXVCJ9.eyJpZCI6IjYzY2E2YWNiOGM3OWQ4NmViMGZmZDdhZiIsImVtYWlsIjoidGVzdEBnbWFpbC5jb20iLCJpYXQiOjE2NzQyNzE5MTksImV4cCI6MTY3NTEzNTkxOX0.XMvETWuQav4OEz5mBPtbNFB3rTZKb6GFyiNorMi-sN4\",\n    \"refreshToken\": \"eyJhbGciOiJIUzI1NiIsInR5cCI6IkpXVCJ9.eyJpZCI6IjYzY2E2YWNiOGM3OWQ4NmViMGZmZDdhZiIsImVtYWlsIjoidGVzdEBnbWFpbC5jb20iLCJpYXQiOjE2NzQyNzE5MTksImV4cCI6MTY3Njg2MzkxOX0.4T-oi7leWQt_mitFHpJgGkpfmyVreW2pravx-rR6TQ8\",\n    \"userId\": \"63ca6acb8c79d86eb0ffd7af\"\n}"
						}
					]
				},
				{
					"name": "Log Out",
					"request": {
						"method": "POST",
						"header": [],
						"body": {
							"mode": "raw",
							"raw": "{\n    \"refreshToken\": \"eyJhbGciOiJIUzI1NiIsInR5cCI6IkpXVCJ9.eyJpZCI6IjYzY2E2YWNiOGM3OWQ4NmViMGZmZDdhZiIsImVtYWlsIjoidGVzdEBnbWFpbC5jb20iLCJpYXQiOjE2NzQyNzE5MTksImV4cCI6MTY3Njg2MzkxOX0.4T-oi7leWQt_mitFHpJgGkpfmyVreW2pravx-rR6TQ8\"\n}",
							"options": {
								"raw": {
									"language": "json"
								}
							}
						},
						"url": {
							"raw": "http://localhost:3000/api/logout",
							"protocol": "http",
							"host": [
								"localhost"
							],
							"port": "3000",
							"path": [
								"api",
								"logout"
							]
						}
					},
					"response": [
						{
							"name": "Log Out failed",
							"originalRequest": {
								"method": "POST",
								"header": [],
								"body": {
									"mode": "raw",
									"raw": "{\n    \"refreshToken\": \"eyJhbGciOiJIUzI1NiIsInR5cCI6IkpXVCJ9.eyJpZCI6IjYzODRkZjY3Mjc1ZDM2NzM0NTBhNDJiOSIsImVtYWlsIjoicm9tYTJuQGl0bG9naWEucnUiLCJpYXQiOjE2Njk2NTI2NTMsImV4cCI6MTY3MjI0NDY1M30.mqswedyoOuv2Y3oJopdwET9e9o4f5YmHRw9pTgU25LI\"\n}",
									"options": {
										"raw": {
											"language": "json"
										}
									}
								},
								"url": {
									"raw": "http://localhost:3000/api/logout",
									"protocol": "http",
									"host": [
										"localhost"
									],
									"port": "3000",
									"path": [
										"api",
										"logout"
									]
								}
							},
							"status": "Not Found",
							"code": 404,
							"_postman_previewlanguage": "json",
							"header": [
								{
									"key": "X-Powered-By",
									"value": "Express"
								},
								{
									"key": "Access-Control-Allow-Origin",
									"value": "*"
								},
								{
									"key": "Content-Type",
									"value": "application/json; charset=utf-8"
								},
								{
									"key": "Content-Length",
									"value": "77"
								},
								{
									"key": "ETag",
									"value": "W/\"4d-b/A2A6r3USjLENUym33uMMG8i/o\""
								},
								{
									"key": "Date",
									"value": "Sat, 21 Jan 2023 03:32:13 GMT"
								},
								{
									"key": "Connection",
									"value": "keep-alive"
								},
								{
									"key": "Keep-Alive",
									"value": "timeout=5"
								}
							],
							"cookie": [],
							"body": "{\n    \"error\": true,\n    \"message\": \"Пользователя не существует\"\n}"
						},
						{
							"name": "Log Out success",
							"originalRequest": {
								"method": "POST",
								"header": [],
								"body": {
									"mode": "raw",
									"raw": "{\n    \"refreshToken\": \"eyJhbGciOiJIUzI1NiIsInR5cCI6IkpXVCJ9.eyJpZCI6IjYzY2E2YWNiOGM3OWQ4NmViMGZmZDdhZiIsImVtYWlsIjoidGVzdEBnbWFpbC5jb20iLCJpYXQiOjE2NzQyNzE5MTksImV4cCI6MTY3Njg2MzkxOX0.4T-oi7leWQt_mitFHpJgGkpfmyVreW2pravx-rR6TQ8\"\n}",
									"options": {
										"raw": {
											"language": "json"
										}
									}
								},
								"url": {
									"raw": "http://localhost:3000/api/logout",
									"protocol": "http",
									"host": [
										"localhost"
									],
									"port": "3000",
									"path": [
										"api",
										"logout"
									]
								}
							},
							"status": "OK",
							"code": 200,
							"_postman_previewlanguage": "json",
							"header": [
								{
									"key": "X-Powered-By",
									"value": "Express"
								},
								{
									"key": "Access-Control-Allow-Origin",
									"value": "*"
								},
								{
									"key": "Content-Type",
									"value": "application/json; charset=utf-8"
								},
								{
									"key": "Content-Length",
									"value": "63"
								},
								{
									"key": "ETag",
									"value": "W/\"3f-k2ECBbdCvi8islo3fZLkVLmQllY\""
								},
								{
									"key": "Date",
									"value": "Sat, 21 Jan 2023 03:32:39 GMT"
								},
								{
									"key": "Connection",
									"value": "keep-alive"
								},
								{
									"key": "Keep-Alive",
									"value": "timeout=5"
								}
							],
							"cookie": [],
							"body": "{\n    \"error\": false,\n    \"message\": \"Разлогинен успешно\"\n}"
						}
					]
				}
			]
		},
		{
			"name": "Category",
			"item": [
				{
					"name": "Categories",
					"request": {
						"method": "GET",
						"header": [],
						"url": {
							"raw": "http://localhost:3000/api/categories",
							"protocol": "http",
							"host": [
								"localhost"
							],
							"port": "3000",
							"path": [
								"api",
								"categories"
							]
						}
					},
					"response": [
						{
							"name": "Categories success",
							"originalRequest": {
								"method": "GET",
								"header": [],
								"url": {
									"raw": "http://localhost:3000/api/categories",
									"protocol": "http",
									"host": [
										"localhost"
									],
									"port": "3000",
									"path": [
										"api",
										"categories"
									]
								}
							},
							"status": "OK",
							"code": 200,
							"_postman_previewlanguage": "json",
							"header": [
								{
									"key": "X-Powered-By",
									"value": "Express"
								},
								{
									"key": "Access-Control-Allow-Origin",
									"value": "*"
								},
								{
									"key": "Content-Type",
									"value": "application/json; charset=utf-8"
								},
								{
									"key": "Content-Length",
									"value": "362"
								},
								{
									"key": "ETag",
									"value": "W/\"16a-9DqA4dtSjHjeOCsgjwWI/mKURLk\""
								},
								{
									"key": "Date",
									"value": "Sat, 21 Jan 2023 03:32:54 GMT"
								},
								{
									"key": "Connection",
									"value": "keep-alive"
								},
								{
									"key": "Keep-Alive",
									"value": "timeout=5"
								}
							],
							"cookie": [],
							"body": "[\n    {\n        \"id\": \"63ca02683fe296dbe1e873dc\",\n        \"name\": \"Фриланс\",\n        \"url\": \"frilans\"\n    },\n    {\n        \"id\": \"63ca02683fe296dbe1e873dd\",\n        \"name\": \"Дизайн\",\n        \"url\": \"dizain\"\n    },\n    {\n        \"id\": \"63ca02683fe296dbe1e873de\",\n        \"name\": \"SMM\",\n        \"url\": \"smm\"\n    },\n    {\n        \"id\": \"63ca02683fe296dbe1e873df\",\n        \"name\": \"Таргет\",\n        \"url\": \"target\"\n    },\n    {\n        \"id\": \"63ca02683fe296dbe1e873e0\",\n        \"name\": \"Копирайтинг\",\n        \"url\": \"kopiraiting\"\n    }\n]"
						}
					]
				}
			]
		},
		{
			"name": "Article",
			"item": [
				{
					"name": "Popular articles",
					"request": {
						"method": "GET",
						"header": [],
						"url": {
							"raw": "http://localhost:3000/api/articles/top",
							"protocol": "http",
							"host": [
								"localhost"
							],
							"port": "3000",
							"path": [
								"api",
								"articles",
								"top"
							]
						}
					},
					"response": [
						{
							"name": "Popular articles success",
							"originalRequest": {
								"method": "GET",
								"header": [],
								"url": {
									"raw": "http://localhost:3000/api/articles/top",
									"protocol": "http",
									"host": [
										"localhost"
									],
									"port": "3000",
									"path": [
										"api",
										"articles",
										"top"
									]
								}
							},
							"status": "OK",
							"code": 200,
							"_postman_previewlanguage": "json",
							"header": [
								{
									"key": "X-Powered-By",
									"value": "Express"
								},
								{
									"key": "Access-Control-Allow-Origin",
									"value": "*"
								},
								{
									"key": "Content-Type",
									"value": "application/json; charset=utf-8"
								},
								{
									"key": "Content-Length",
									"value": "1898"
								},
								{
									"key": "ETag",
									"value": "W/\"76a-R9RlIP8x5fbJfnvuzcPuJOCNR40\""
								},
								{
									"key": "Date",
									"value": "Sat, 21 Jan 2023 03:33:12 GMT"
								},
								{
									"key": "Connection",
									"value": "keep-alive"
								},
								{
									"key": "Keep-Alive",
									"value": "timeout=5"
								}
							],
							"cookie": [],
							"body": "[\n    {\n        \"id\": \"63ca02683fe296dbe1e873e2\",\n        \"title\": \"6 сайтов для повышения  продуктивности\",\n        \"description\": \"Хотите проводить время в сети с пользой? Наша подборка из шести полезных, но малоизвестных сайтов увеличит вашу продуктивность, поможет успевать больше в течение дня и всегда быть на шаг впереди!\",\n        \"image\": \"testimagepath\",\n        \"date\": \"2023-01-20T02:54:32.543Z\",\n        \"category\": \"Фриланс\",\n        \"url\": \"6_saitov_dlya_povisheniya__produktivnosti\"\n    },\n    {\n        \"id\": \"63ca02683fe296dbe1e873e3\",\n        \"title\": \"Как произвести впечатление на нового клиента?\",\n        \"description\": \"Поиск новых клиентов — это сложная задача не только для новичков, но и для опытных специалистов. Мы расскажем, как справиться с волнением, завоевать доверие клиента и произвести на него потрясающее первое впечатление.\",\n        \"image\": \"testimagepath\",\n        \"date\": \"2023-01-20T02:54:32.543Z\",\n        \"category\": \"Таргет\",\n        \"url\": \"kak_proizvesti_vpechatlenie_na_novogo_klienta?\"\n    },\n    {\n        \"id\": \"63ca02683fe296dbe1e873e4\",\n        \"title\": \"Как бороться с конкуренцией на фрилансе?\",\n        \"description\": \"Конкуренция — это часть нашей жизни. Мы боремся за место работы, за победу на конкурсе и даже за возможность купить последний круассан в любимом кафе. Фриланс не исключение.\",\n        \"image\": \"testimagepath\",\n        \"date\": \"2023-01-20T02:54:32.543Z\",\n        \"category\": \"Фриланс\",\n        \"url\": \"kak_borotsya_s_konkurentsiei_na_frilanse?\"\n    }\n]"
						}
					]
				},
				{
					"name": "Related articles",
					"request": {
						"method": "GET",
						"header": [],
						"url": {
							"raw": "http://localhost:3000/api/articles/related/6_saitov_dlya_povisheniya__produktivnosti",
							"protocol": "http",
							"host": [
								"localhost"
							],
							"port": "3000",
							"path": [
								"api",
								"articles",
								"related",
								"6_saitov_dlya_povisheniya__produktivnosti"
							]
						}
					},
					"response": [
						{
							"name": "Related articles success",
							"originalRequest": {
								"method": "GET",
								"header": [],
								"url": {
									"raw": "http://localhost:3000/api/articles/related/6_saitov_dlya_povisheniya__produktivnosti",
									"protocol": "http",
									"host": [
										"localhost"
									],
									"port": "3000",
									"path": [
										"api",
										"articles",
										"related",
										"6_saitov_dlya_povisheniya__produktivnosti"
									]
								}
							},
							"status": "OK",
							"code": 200,
							"_postman_previewlanguage": "json",
							"header": [
								{
									"key": "X-Powered-By",
									"value": "Express"
								},
								{
									"key": "Access-Control-Allow-Origin",
									"value": "*"
								},
								{
									"key": "Content-Type",
									"value": "application/json; charset=utf-8"
								},
								{
									"key": "Content-Length",
									"value": "589"
								},
								{
									"key": "ETag",
									"value": "W/\"24d-OQJ3MYmI7i9qyG7jmf2nC/n08kQ\""
								},
								{
									"key": "Date",
									"value": "Sat, 21 Jan 2023 03:33:32 GMT"
								},
								{
									"key": "Connection",
									"value": "keep-alive"
								},
								{
									"key": "Keep-Alive",
									"value": "timeout=5"
								}
							],
							"cookie": [],
							"body": "[\n    {\n        \"id\": \"63ca02683fe296dbe1e873e4\",\n        \"title\": \"Как бороться с конкуренцией на фрилансе?\",\n        \"description\": \"Конкуренция — это часть нашей жизни. Мы боремся за место работы, за победу на конкурсе и даже за возможность купить последний круассан в любимом кафе. Фриланс не исключение.\",\n        \"image\": \"testimagepath\",\n        \"date\": \"2023-01-20T02:54:32.543Z\",\n        \"category\": \"Фриланс\",\n        \"url\": \"kak_borotsya_s_konkurentsiei_na_frilanse?\"\n    }\n]"
						}
					]
				},
				{
					"name": "Get articles",
					"request": {
						"method": "GET",
						"header": [],
						"url": {
							"raw": "http://localhost:3000/api/articles?page=1&categories[]=frilans",
							"protocol": "http",
							"host": [
								"localhost"
							],
							"port": "3000",
							"path": [
								"api",
								"articles"
							],
							"query": [
								{
									"key": "page",
									"value": "1"
								},
								{
									"key": "categories[]",
									"value": "frilans"
								}
							]
						}
					},
					"response": [
						{
							"name": "Get articles success",
							"originalRequest": {
								"method": "GET",
								"header": [],
								"url": {
									"raw": "http://localhost:3000/api/articles?page=1&categories[]=frilans",
									"protocol": "http",
									"host": [
										"localhost"
									],
									"port": "3000",
									"path": [
										"api",
										"articles"
									],
									"query": [
										{
											"key": "page",
											"value": "1"
										},
										{
											"key": "categories[]",
											"value": "frilans"
										}
									]
								}
							},
							"status": "OK",
							"code": 200,
							"_postman_previewlanguage": "json",
							"header": [
								{
									"key": "X-Powered-By",
									"value": "Express"
								},
								{
									"key": "Access-Control-Allow-Origin",
									"value": "*"
								},
								{
									"key": "Content-Type",
									"value": "application/json; charset=utf-8"
								},
								{
									"key": "Content-Length",
									"value": "1244"
								},
								{
									"key": "ETag",
									"value": "W/\"4dc-ocEW4lw2jaLXhB7h/2CXPssgFxY\""
								},
								{
									"key": "Date",
									"value": "Sat, 21 Jan 2023 03:33:45 GMT"
								},
								{
									"key": "Connection",
									"value": "keep-alive"
								},
								{
									"key": "Keep-Alive",
									"value": "timeout=5"
								}
							],
							"cookie": [],
							"body": "{\n    \"count\": 2,\n    \"pages\": 1,\n    \"items\": [\n        {\n            \"id\": \"63ca02683fe296dbe1e873e2\",\n            \"title\": \"6 сайтов для повышения  продуктивности\",\n            \"description\": \"Хотите проводить время в сети с пользой? Наша подборка из шести полезных, но малоизвестных сайтов увеличит вашу продуктивность, поможет успевать больше в течение дня и всегда быть на шаг впереди!\",\n            \"image\": \"testimagepath\",\n            \"date\": \"2023-01-20T02:54:32.543Z\",\n            \"category\": \"Фриланс\",\n            \"url\": \"6_saitov_dlya_povisheniya__produktivnosti\"\n        },\n        {\n            \"id\": \"63ca02683fe296dbe1e873e4\",\n            \"title\": \"Как бороться с конкуренцией на фрилансе?\",\n            \"description\": \"Конкуренция — это часть нашей жизни. Мы боремся за место работы, за победу на конкурсе и даже за возможность купить последний круассан в любимом кафе. Фриланс не исключение.\",\n            \"image\": \"testimagepath\",\n            \"date\": \"2023-01-20T02:54:32.543Z\",\n            \"category\": \"Фриланс\",\n            \"url\": \"kak_borotsya_s_konkurentsiei_na_frilanse?\"\n        }\n    ]\n}"
						}
					]
				},
				{
					"name": "Get article",
					"request": {
						"method": "GET",
						"header": [],
						"url": {
							"raw": "http://localhost:3000/api/articles/6_saitov_dlya_povisheniya__produktivnosti",
							"protocol": "http",
							"host": [
								"localhost"
							],
							"port": "3000",
							"path": [
								"api",
								"articles",
								"6_saitov_dlya_povisheniya__produktivnosti"
							]
						}
					},
					"response": [
						{
							"name": "Get article success",
							"originalRequest": {
								"method": "GET",
								"header": [],
								"url": {
									"raw": "http://localhost:3000/api/articles/6_saitov_dlya_povisheniya__produktivnosti",
									"protocol": "http",
									"host": [
										"localhost"
									],
									"port": "3000",
									"path": [
										"api",
										"articles",
										"6_saitov_dlya_povisheniya__produktivnosti"
									]
								}
							},
							"status": "OK",
							"code": 200,
							"_postman_previewlanguage": "json",
							"header": [
								{
									"key": "X-Powered-By",
									"value": "Express"
								},
								{
									"key": "Access-Control-Allow-Origin",
									"value": "*"
								},
								{
									"key": "Content-Type",
									"value": "application/json; charset=utf-8"
								},
								{
									"key": "Content-Length",
									"value": "1861"
								},
								{
									"key": "ETag",
									"value": "W/\"745-730G+xCjQrPuzGO1Iq3DXRuaP6A\""
								},
								{
									"key": "Date",
									"value": "Sat, 21 Jan 2023 05:10:16 GMT"
								},
								{
									"key": "Connection",
									"value": "keep-alive"
								},
								{
									"key": "Keep-Alive",
									"value": "timeout=5"
								}
							],
							"cookie": [],
							"body": "{\n    \"text\": \"Хотите ? ?? ? ? ? проводить время в сети с пользой? Наша подборка из шести полезных, но малоизвестных сайтов увеличит вашу продуктивность, поможет успевать больше в течение дня и всегда быть на шаг впереди!\",\n    \"comments\": [\n        {\n            \"id\": \"63cb5d77cd74dafa702da783\",\n            \"text\": \"Вот это классная статья6! Спасибо за полезную информацию!!!\",\n            \"date\": \"2023-01-21T03:35:19.710Z\",\n            \"likesCount\": 0,\n            \"dislikesCount\": 0,\n            \"user\": {\n                \"id\": \"63ca6acb8c79d86eb0ffd7af\",\n                \"name\": \"Тест\"\n            }\n        },\n        {\n            \"id\": \"63ca5930795043eaae33dcb7\",\n            \"text\": \"Вот это классная статья6! Спасибо за полезную информацию!!!\",\n            \"date\": \"2023-01-20T09:04:48.201Z\",\n            \"likesCount\": 0,\n            \"dislikesCount\": 0,\n            \"user\": {\n                \"id\": \"63ca6acb8c79d86eb0ffd7af\",\n                \"name\": \"Тест\"\n            }\n        },\n        {\n            \"id\": \"63ca592d795043eaae33dcb4\",\n            \"text\": \"Вот это классная статья5! Спасибо за полезную информацию!!!\",\n            \"date\": \"2023-01-20T09:04:45.870Z\",\n            \"likesCount\": 0,\n            \"dislikesCount\": 0,\n            \"user\": {\n                \"id\": \"63ca6acb8c79d86eb0ffd7af\",\n                \"name\": \"Тест\"\n            }\n        }\n    ],\n    \"commentsCount\": 7,\n    \"id\": \"63ca02683fe296dbe1e873e2\",\n    \"title\": \"6 сайтов для повышения  продуктивности\",\n    \"description\": \"Хотите проводить время в сети с пользой? Наша подборка из шести полезных, но малоизвестных сайтов увеличит вашу продуктивность, поможет успевать больше в течение дня и всегда быть на шаг впереди!\",\n    \"image\": \"testimagepath\",\n    \"date\": \"2023-01-20T02:54:32.543Z\",\n    \"category\": \"Фриланс\",\n    \"url\": \"6_saitov_dlya_povisheniya__produktivnosti\"\n}"
						}
					]
				}
			]
		},
		{
			"name": "Request",
			"item": [
				{
					"name": "New Request",
					"request": {
						"method": "POST",
						"header": [],
						"body": {
							"mode": "raw",
							"raw": "{\n    \"name\": \"Test\",\n    \"phone\": \"+79773737373\",\n    \"service\": \"Фриланс\",\n    \"type\": \"order\"\n}",
							"options": {
								"raw": {
									"language": "json"
								}
							}
						},
						"url": {
							"raw": "http://localhost:3000/api/requests",
							"protocol": "http",
							"host": [
								"localhost"
							],
							"port": "3000",
							"path": [
								"api",
								"requests"
							]
						}
					},
					"response": [
						{
							"name": "New Request success",
							"originalRequest": {
								"method": "POST",
								"header": [],
								"body": {
									"mode": "raw",
									"raw": "{\n    \"name\": \"Test\",\n    \"phone\": \"+79773737373\",\n    \"service\": \"Фриланс\",\n    \"type\": \"order\"\n}",
									"options": {
										"raw": {
											"language": "json"
										}
									}
								},
								"url": {
									"raw": "http://localhost:3000/api/requests",
									"protocol": "http",
									"host": [
										"localhost"
									],
									"port": "3000",
									"path": [
										"api",
										"requests"
									]
								}
							},
							"status": "OK",
							"code": 200,
							"_postman_previewlanguage": "json",
							"header": [
								{
									"key": "X-Powered-By",
									"value": "Express"
								},
								{
									"key": "Access-Control-Allow-Origin",
									"value": "*"
								},
								{
									"key": "Content-Type",
									"value": "application/json; charset=utf-8"
								},
								{
									"key": "Content-Length",
									"value": "75"
								},
								{
									"key": "ETag",
									"value": "W/\"4b-Iz+SUHbRHqzevonn2Di8nPfNPCU\""
								},
								{
									"key": "Date",
									"value": "Mon, 30 Jan 2023 03:19:16 GMT"
								},
								{
									"key": "Connection",
									"value": "keep-alive"
								},
								{
									"key": "Keep-Alive",
									"value": "timeout=5"
								}
							],
							"cookie": [],
							"body": "{\n    \"error\": false,\n    \"message\": \"Запрос успешно отправлен!\"\n}"
						},
						{
							"name": "New Request failed",
							"originalRequest": {
								"method": "POST",
								"header": [],
								"body": {
									"mode": "raw",
									"raw": "{\n    \"name\": \"Test\",\n    \"phone\": \"+79773737373\",\n    \"type\": \"order\"\n}",
									"options": {
										"raw": {
											"language": "json"
										}
									}
								},
								"url": {
									"raw": "http://localhost:3000/api/requests",
									"protocol": "http",
									"host": [
										"localhost"
									],
									"port": "3000",
									"path": [
										"api",
										"requests"
									]
								}
							},
							"status": "Bad Request",
							"code": 400,
							"_postman_previewlanguage": "json",
							"header": [
								{
									"key": "X-Powered-By",
									"value": "Express"
								},
								{
									"key": "Access-Control-Allow-Origin",
									"value": "*"
								},
								{
									"key": "Content-Type",
									"value": "application/json; charset=utf-8"
								},
								{
									"key": "Content-Length",
									"value": "83"
								},
								{
									"key": "ETag",
									"value": "W/\"53-+uBJJ0j4BJR+apoPDbD5Yjpu76A\""
								},
								{
									"key": "Date",
									"value": "Mon, 30 Jan 2023 03:20:08 GMT"
								},
								{
									"key": "Connection",
									"value": "keep-alive"
								},
								{
									"key": "Keep-Alive",
									"value": "timeout=5"
								}
							],
							"cookie": [],
							"body": "{\n    \"error\": true,\n    \"message\": \"Необходимо заполнить \\\"Услуга\\\"\"\n}"
						}
					]
				}
			]
		},
		{
			"name": "Comment",
			"item": [
				{
					"name": "Get comments",
					"request": {
						"method": "GET",
						"header": [],
						"url": {
							"raw": "http://localhost:3000/api/comments?offset=3&article=63cce8a9fe3b9042ff7c79e5",
							"protocol": "http",
							"host": [
								"localhost"
							],
							"port": "3000",
							"path": [
								"api",
								"comments"
							],
							"query": [
								{
									"key": "offset",
									"value": "3"
								},
								{
									"key": "article",
									"value": "63cce8a9fe3b9042ff7c79e5"
								}
							]
						}
					},
					"response": [
						{
							"name": "Get comments success",
							"originalRequest": {
								"method": "GET",
								"header": [],
								"url": {
									"raw": "http://localhost:3000/api/comments?offset=3&article=63ca02683fe296dbe1e873e2",
									"protocol": "http",
									"host": [
										"localhost"
									],
									"port": "3000",
									"path": [
										"api",
										"comments"
									],
									"query": [
										{
											"key": "offset",
											"value": "3"
										},
										{
											"key": "article",
											"value": "63ca02683fe296dbe1e873e2"
										}
									]
								}
							},
							"status": "OK",
							"code": 200,
							"_postman_previewlanguage": "json",
							"header": [
								{
									"key": "X-Powered-By",
									"value": "Express"
								},
								{
									"key": "Access-Control-Allow-Origin",
									"value": "*"
								},
								{
									"key": "Content-Type",
									"value": "application/json; charset=utf-8"
								},
								{
									"key": "Content-Length",
									"value": "854"
								},
								{
									"key": "ETag",
									"value": "W/\"356-nGGx57HdUc4MZZHvO+JQnzCcwb8\""
								},
								{
									"key": "Date",
									"value": "Sat, 21 Jan 2023 03:34:35 GMT"
								},
								{
									"key": "Connection",
									"value": "keep-alive"
								},
								{
									"key": "Keep-Alive",
									"value": "timeout=5"
								}
							],
							"cookie": [],
							"body": "{\n    \"allCount\": 6,\n    \"comments\": [\n        {\n            \"id\": \"63ca5925795043eaae33dcae\",\n            \"text\": \"Вот это классная статья3! Спасибо за полезную информацию!!!\",\n            \"date\": \"2023-01-20T09:04:37.390Z\",\n            \"likesCount\": 1,\n            \"dislikesCount\": 1,\n            \"user\": {\n                \"id\": \"63ca6acb8c79d86eb0ffd7af\",\n                \"name\": \"Тест\"\n            }\n        },\n        {\n            \"id\": \"63ca5920795043eaae33dcab\",\n            \"text\": \"Вот это классная статья2! Спасибо за полезную информацию!!!\",\n            \"date\": \"2023-01-20T09:04:32.975Z\",\n            \"likesCount\": 0,\n            \"dislikesCount\": 0,\n            \"user\": {\n                \"id\": \"63ca6acb8c79d86eb0ffd7af\",\n                \"name\": \"Тест\"\n            }\n        },\n        {\n            \"id\": \"63ca579e8deff916216c6073\",\n            \"text\": \"Вот это классная статья! Спасибо за полезную информацию!!!\",\n            \"date\": \"2023-01-20T08:58:06.256Z\",\n            \"likesCount\": 0,\n            \"dislikesCount\": 0,\n            \"user\": {\n                \"id\": \"63ca6acb8c79d86eb0ffd7af\",\n                \"name\": \"Тест\"\n            }\n        }\n    ]\n}"
						}
					]
				},
				{
					"name": "Add comment",
					"request": {
						"method": "POST",
						"header": [
							{
								"key": "x-auth",
								"value": "eyJhbGciOiJIUzI1NiIsInR5cCI6IkpXVCJ9.eyJpZCI6IjYzY2E2YWNiOGM3OWQ4NmViMGZmZDdhZiIsImVtYWlsIjoidGVzdEBnbWFpbC5jb20iLCJpYXQiOjE2NzQyNzIxMTIsImV4cCI6MTY3NTEzNjExMn0.NdDju6uK_WAz-0CsFwlKwMiBpRFtaW2WTNPEheN_Ljk",
								"type": "text"
							}
						],
						"body": {
							"mode": "raw",
							"raw": "{\n    \"text\": \"Вот это классная статья6! Спасибо за полезную информацию!!!\",\n    \"article\": \"63ca02683fe296dbe1e873e2\"\n}",
							"options": {
								"raw": {
									"language": "json"
								}
							}
						},
						"url": {
							"raw": "http://localhost:3000/api/comments",
							"protocol": "http",
							"host": [
								"localhost"
							],
							"port": "3000",
							"path": [
								"api",
								"comments"
							]
						}
					},
					"response": [
						{
							"name": "Add comment failed",
							"originalRequest": {
								"method": "POST",
								"header": [
									{
										"key": "x-auth",
										"value": "eyJhbGciOiJIUzI1NiIsInR5cCI6IkpXVCJ9.eyJpZCI6IjYzY2EwMjY4M2ZlMjk2ZGJlMWU4NzNkYSIsImVtYWlsIjoidGVzdEBnbWFpbC5jb20iLCJpYXQiOjE2NzQyMDI2MDksImV4cCI6MTY3NTA2NjYwOX0.8_IBfM0llG56g3PtUuT7eAE8t9vxQD6vCR17WQ8a_EU",
										"type": "text"
									}
								],
								"body": {
									"mode": "raw",
									"raw": "{\n    \"text\": \"Вот это классная статья6! Спасибо за полезную информацию!!!\",\n    \"article\": \"63ca02683fe296dbe1e873e2\"\n}",
									"options": {
										"raw": {
											"language": "json"
										}
									}
								},
								"url": {
									"raw": "http://localhost:3000/api/comments",
									"protocol": "http",
									"host": [
										"localhost"
									],
									"port": "3000",
									"path": [
										"api",
										"comments"
									]
								}
							},
							"status": "Internal Server Error",
							"code": 500,
							"_postman_previewlanguage": "json",
							"header": [
								{
									"key": "X-Powered-By",
									"value": "Express"
								},
								{
									"key": "Access-Control-Allow-Origin",
									"value": "*"
								},
								{
									"key": "Content-Type",
									"value": "application/json; charset=utf-8"
								},
								{
									"key": "Content-Length",
									"value": "69"
								},
								{
									"key": "ETag",
									"value": "W/\"45-ti3tAqQF7GvKewrRhm4jmjSRX5c\""
								},
								{
									"key": "Date",
									"value": "Sat, 21 Jan 2023 03:34:50 GMT"
								},
								{
									"key": "Connection",
									"value": "keep-alive"
								},
								{
									"key": "Keep-Alive",
									"value": "timeout=5"
								}
							],
							"cookie": [],
							"body": "{\n    \"error\": true,\n    \"message\": \"Пользователь не найден\"\n}"
						},
						{
							"name": "Add comment success",
							"originalRequest": {
								"method": "POST",
								"header": [
									{
										"key": "x-auth",
										"value": "eyJhbGciOiJIUzI1NiIsInR5cCI6IkpXVCJ9.eyJpZCI6IjYzY2E2YWNiOGM3OWQ4NmViMGZmZDdhZiIsImVtYWlsIjoidGVzdEBnbWFpbC5jb20iLCJpYXQiOjE2NzQyNzIxMTIsImV4cCI6MTY3NTEzNjExMn0.NdDju6uK_WAz-0CsFwlKwMiBpRFtaW2WTNPEheN_Ljk",
										"type": "text"
									}
								],
								"body": {
									"mode": "raw",
									"raw": "{\n    \"text\": \"Вот это классная статья6! Спасибо за полезную информацию!!!\",\n    \"article\": \"63ca02683fe296dbe1e873e2\"\n}",
									"options": {
										"raw": {
											"language": "json"
										}
									}
								},
								"url": {
									"raw": "http://localhost:3000/api/comments",
									"protocol": "http",
									"host": [
										"localhost"
									],
									"port": "3000",
									"path": [
										"api",
										"comments"
									]
								}
							},
							"status": "OK",
							"code": 200,
							"_postman_previewlanguage": "json",
							"header": [
								{
									"key": "X-Powered-By",
									"value": "Express"
								},
								{
									"key": "Access-Control-Allow-Origin",
									"value": "*"
								},
								{
									"key": "Content-Type",
									"value": "application/json; charset=utf-8"
								},
								{
									"key": "Content-Length",
									"value": "68"
								},
								{
									"key": "ETag",
									"value": "W/\"44-n0cbq/y8Rgd9hmUMejAWW4svq6I\""
								},
								{
									"key": "Date",
									"value": "Sat, 21 Jan 2023 03:35:19 GMT"
								},
								{
									"key": "Connection",
									"value": "keep-alive"
								},
								{
									"key": "Keep-Alive",
									"value": "timeout=5"
								}
							],
							"cookie": [],
							"body": "{\n    \"error\": false,\n    \"message\": \"Комментарий добавлен!\"\n}"
						}
					]
				},
				{
					"name": "Apply action",
					"request": {
						"method": "POST",
						"header": [
							{
								"key": "x-auth",
								"value": "eyJhbGciOiJIUzI1NiIsInR5cCI6IkpXVCJ9.eyJpZCI6IjYzY2E2YWNiOGM3OWQ4NmViMGZmZDdhZiIsImVtYWlsIjoidGVzdEBnbWFpbC5jb20iLCJpYXQiOjE2NzQyNzIxMTIsImV4cCI6MTY3NTEzNjExMn0.NdDju6uK_WAz-0CsFwlKwMiBpRFtaW2WTNPEheN_Ljk",
								"type": "text"
							}
						],
						"body": {
							"mode": "raw",
							"raw": "{\n    \"action\": \"like\"\n}",
							"options": {
								"raw": {
									"language": "json"
								}
							}
						},
						"url": {
							"raw": "http://localhost:3000/api/comments/63ca592b795043eaae33dcb1/apply-action",
							"protocol": "http",
							"host": [
								"localhost"
							],
							"port": "3000",
							"path": [
								"api",
								"comments",
								"63ca592b795043eaae33dcb1",
								"apply-action"
							]
						}
					},
					"response": [
						{
							"name": "Apply action success",
							"originalRequest": {
								"method": "POST",
								"header": [
									{
										"key": "x-auth",
										"value": "eyJhbGciOiJIUzI1NiIsInR5cCI6IkpXVCJ9.eyJpZCI6IjYzY2E2YWNiOGM3OWQ4NmViMGZmZDdhZiIsImVtYWlsIjoidGVzdEBnbWFpbC5jb20iLCJpYXQiOjE2NzQyNzIxMTIsImV4cCI6MTY3NTEzNjExMn0.NdDju6uK_WAz-0CsFwlKwMiBpRFtaW2WTNPEheN_Ljk",
										"type": "text"
									}
								],
								"body": {
									"mode": "raw",
									"raw": "{\n    \"action\": \"dislike\"\n}",
									"options": {
										"raw": {
											"language": "json"
										}
									}
								},
								"url": {
									"raw": "http://localhost:3000/api/comments/63ca5925795043eaae33dcae/apply-action",
									"protocol": "http",
									"host": [
										"localhost"
									],
									"port": "3000",
									"path": [
										"api",
										"comments",
										"63ca5925795043eaae33dcae",
										"apply-action"
									]
								}
							},
							"status": "OK",
							"code": 200,
							"_postman_previewlanguage": "json",
							"header": [
								{
									"key": "X-Powered-By",
									"value": "Express"
								},
								{
									"key": "Access-Control-Allow-Origin",
									"value": "*"
								},
								{
									"key": "Content-Type",
									"value": "application/json; charset=utf-8"
								},
								{
									"key": "Content-Length",
									"value": "62"
								},
								{
									"key": "ETag",
									"value": "W/\"3e-XYRObuGkx5aNXmOAu+xaJ04G7QE\""
								},
								{
									"key": "Date",
									"value": "Sat, 21 Jan 2023 03:35:37 GMT"
								},
								{
									"key": "Connection",
									"value": "keep-alive"
								},
								{
									"key": "Keep-Alive",
									"value": "timeout=5"
								}
							],
							"cookie": [],
							"body": "{\n    \"error\": false,\n    \"message\": \"Успешное действие!\"\n}"
						},
						{
							"name": "Apply action failed",
							"originalRequest": {
								"method": "POST",
								"header": [
									{
										"key": "x-auth",
										"value": "eyJhbGciOiJIUzI1NiIsInR5cCI6IkpXVCJ9.eyJpZCI6IjYzY2E2YWNiOGM3OWQ4NmViMGZmZDdhZiIsImVtYWlsIjoidGVzdEBnbWFpbC5jb20iLCJpYXQiOjE2NzQyNzIxMTIsImV4cCI6MTY3NTEzNjExMn0.NdDju6uK_WAz-0CsFwlKwMiBpRFtaW2WTNPEheN_Ljk",
										"type": "text"
									}
								],
								"body": {
									"mode": "raw",
									"raw": "{\n    \"action\": \"violate\"\n}",
									"options": {
										"raw": {
											"language": "json"
										}
									}
								},
								"url": {
									"raw": "http://localhost:3000/api/comments/63ca5925795043eaae33dcae/apply-action",
									"protocol": "http",
									"host": [
										"localhost"
									],
									"port": "3000",
									"path": [
										"api",
										"comments",
										"63ca5925795043eaae33dcae",
										"apply-action"
									]
								}
							},
							"status": "Bad Request",
							"code": 400,
							"_postman_previewlanguage": "json",
							"header": [
								{
									"key": "X-Powered-By",
									"value": "Express"
								},
								{
									"key": "Access-Control-Allow-Origin",
									"value": "*"
								},
								{
									"key": "Content-Type",
									"value": "application/json; charset=utf-8"
								},
								{
									"key": "Content-Length",
									"value": "102"
								},
								{
									"key": "ETag",
									"value": "W/\"66-b4iJ1Q4ritQRuOzEkILrTEhhwZ0\""
								},
								{
									"key": "Date",
									"value": "Sat, 21 Jan 2023 03:35:49 GMT"
								},
								{
									"key": "Connection",
									"value": "keep-alive"
								},
								{
									"key": "Keep-Alive",
									"value": "timeout=5"
								}
							],
							"cookie": [],
							"body": "{\n    \"error\": true,\n    \"message\": \"Это действие уже применено к комментарию\"\n}"
						}
					]
				},
				{
					"name": "Get Actions for comment",
					"request": {
						"method": "GET",
						"header": [
							{
								"key": "x-auth",
								"value": "eyJhbGciOiJIUzI1NiIsInR5cCI6IkpXVCJ9.eyJpZCI6IjYzY2E2YWNiOGM3OWQ4NmViMGZmZDdhZiIsImVtYWlsIjoidGVzdEBnbWFpbC5jb20iLCJpYXQiOjE2NzQyNzIxMTIsImV4cCI6MTY3NTEzNjExMn0.NdDju6uK_WAz-0CsFwlKwMiBpRFtaW2WTNPEheN_Ljk",
								"type": "text"
							}
						],
						"url": {
							"raw": "http://localhost:3000/api/comments/63ca5925795043eaae33dcae/actions",
							"protocol": "http",
							"host": [
								"localhost"
							],
							"port": "3000",
							"path": [
								"api",
								"comments",
								"63ca5925795043eaae33dcae",
								"actions"
							]
						}
					},
					"response": [
						{
							"name": "Get Actions for comment success",
							"originalRequest": {
								"method": "GET",
								"header": [
									{
										"key": "x-auth",
										"value": "eyJhbGciOiJIUzI1NiIsInR5cCI6IkpXVCJ9.eyJpZCI6IjYzY2E2YWNiOGM3OWQ4NmViMGZmZDdhZiIsImVtYWlsIjoidGVzdEBnbWFpbC5jb20iLCJpYXQiOjE2NzQyNzIxMTIsImV4cCI6MTY3NTEzNjExMn0.NdDju6uK_WAz-0CsFwlKwMiBpRFtaW2WTNPEheN_Ljk",
										"type": "text"
									}
								],
								"url": {
									"raw": "http://localhost:3000/api/comments/63ca5925795043eaae33dcae/actions",
									"protocol": "http",
									"host": [
										"localhost"
									],
									"port": "3000",
									"path": [
										"api",
										"comments",
										"63ca5925795043eaae33dcae",
										"actions"
									]
								}
							},
							"status": "OK",
							"code": 200,
							"_postman_previewlanguage": "json",
							"header": [
								{
									"key": "X-Powered-By",
									"value": "Express"
								},
								{
									"key": "Access-Control-Allow-Origin",
									"value": "*"
								},
								{
									"key": "Content-Type",
									"value": "application/json; charset=utf-8"
								},
								{
									"key": "Content-Length",
									"value": "56"
								},
								{
									"key": "ETag",
									"value": "W/\"38-KhgtDrN3CIiTJ1PN+WpbSbKm8ac\""
								},
								{
									"key": "Date",
									"value": "Sat, 21 Jan 2023 03:36:29 GMT"
								},
								{
									"key": "Connection",
									"value": "keep-alive"
								},
								{
									"key": "Keep-Alive",
									"value": "timeout=5"
								}
							],
							"cookie": [],
							"body": "[\n    {\n        \"comment\": \"63ca5925795043eaae33dcae\",\n        \"action\": \"like\"\n    }\n]"
						}
					]
				},
				{
					"name": "Get article comment actions for user",
					"request": {
						"method": "GET",
						"header": [
							{
								"key": "x-auth",
								"value": "eyJhbGciOiJIUzI1NiIsInR5cCI6IkpXVCJ9.eyJpZCI6IjYzY2E2YWNiOGM3OWQ4NmViMGZmZDdhZiIsImVtYWlsIjoidGVzdEBnbWFpbC5jb20iLCJpYXQiOjE2NzQyNzIxMTIsImV4cCI6MTY3NTEzNjExMn0.NdDju6uK_WAz-0CsFwlKwMiBpRFtaW2WTNPEheN_Ljk",
								"type": "text"
							}
						],
						"url": {
							"raw": "http://localhost:3000/api/comments/article-comment-actions?articleId=63cce8a9fe3b9042ff7c79e5",
							"protocol": "http",
							"host": [
								"localhost"
							],
							"port": "3000",
							"path": [
								"api",
								"comments",
								"article-comment-actions"
							],
							"query": [
								{
									"key": "articleId",
									"value": "63cce8a9fe3b9042ff7c79e5"
								}
							]
						}
					},
					"response": [
						{
							"name": "Get article comment actions for user success",
							"originalRequest": {
								"method": "GET",
								"header": [
									{
										"key": "x-auth",
										"value": "eyJhbGciOiJIUzI1NiIsInR5cCI6IkpXVCJ9.eyJpZCI6IjYzY2E2YWNiOGM3OWQ4NmViMGZmZDdhZiIsImVtYWlsIjoidGVzdEBnbWFpbC5jb20iLCJpYXQiOjE2NzQyNzIxMTIsImV4cCI6MTY3NTEzNjExMn0.NdDju6uK_WAz-0CsFwlKwMiBpRFtaW2WTNPEheN_Ljk",
										"type": "text"
									}
								],
								"url": {
									"raw": "http://localhost:3000/api/comments/article-comment-actions?articleId=63cce8a9fe3b9042ff7c79e5",
									"protocol": "http",
									"host": [
										"localhost"
									],
									"port": "3000",
									"path": [
										"api",
										"comments",
										"article-comment-actions"
									],
									"query": [
										{
											"key": "articleId",
											"value": "63cce8a9fe3b9042ff7c79e5"
										}
									]
								}
							},
							"status": "OK",
							"code": 200,
							"_postman_previewlanguage": "json",
							"header": [
								{
									"key": "X-Powered-By",
									"value": "Express"
								},
								{
									"key": "Access-Control-Allow-Origin",
									"value": "*"
								},
								{
									"key": "Content-Type",
									"value": "application/json; charset=utf-8"
								},
								{
									"key": "Content-Length",
									"value": "111"
								},
								{
									"key": "ETag",
									"value": "W/\"6f-6r7aFm0LGjcR6Bcfmhok8AwFaKw\""
								},
								{
									"key": "Date",
									"value": "Mon, 30 Jan 2023 02:43:22 GMT"
								},
								{
									"key": "Connection",
									"value": "keep-alive"
								},
								{
									"key": "Keep-Alive",
									"value": "timeout=5"
								}
							],
							"cookie": [],
							"body": "[\n    {\n        \"comment\": \"63ca5925795043eaae33dcae\",\n        \"action\": \"like\"\n    },\n    {\n        \"comment\": \"63ca592b795043eaae33dcb1\",\n        \"action\": \"like\"\n    }\n]"
						}
					]
				}
			]
		},
		{
			"name": "User",
			"item": [
				{
					"name": "Get User Info",
					"protocolProfileBehavior": {
						"disableBodyPruning": true
					},
					"request": {
						"method": "GET",
						"header": [
							{
								"key": "x-auth",
								"value": "eyJhbGciOiJIUzI1NiIsInR5cCI6IkpXVCJ9.eyJpZCI6IjYzY2E2YWNiOGM3OWQ4NmViMGZmZDdhZiIsImVtYWlsIjoidGVzdEBnbWFpbC5jb20iLCJpYXQiOjE2NzQyNzIxMTIsImV4cCI6MTY3NTEzNjExMn0.NdDju6uK_WAz-0CsFwlKwMiBpRFtaW2WTNPEheN_Ljk",
								"type": "text"
							}
						],
						"body": {
							"mode": "raw",
							"raw": "{\n    \"text\": \"Вот это классная статья6! Спасибо за полезную информацию!!!\",\n    \"article\": \"63ca02683fe296dbe1e873e2\"\n}",
							"options": {
								"raw": {
									"language": "json"
								}
							}
						},
						"url": {
							"raw": "http://localhost:3000/api/users",
							"protocol": "http",
							"host": [
								"localhost"
							],
							"port": "3000",
							"path": [
								"api",
								"users"
							]
						}
					},
					"response": [
						{
							"name": "Get User Info success",
							"originalRequest": {
								"method": "GET",
								"header": [
									{
										"key": "x-auth",
										"value": "eyJhbGciOiJIUzI1NiIsInR5cCI6IkpXVCJ9.eyJpZCI6IjYzY2E2YWNiOGM3OWQ4NmViMGZmZDdhZiIsImVtYWlsIjoidGVzdEBnbWFpbC5jb20iLCJpYXQiOjE2NzQ0NDU5NjUsImV4cCI6MTY3NTMwOTk2NX0.NjHwrKhntzU-RoIgEOMxqSSgVpyu6nki7FoMfYM_Gf0",
										"type": "text"
									}
								],
								"url": {
									"raw": "http://localhost:3000/api/users",
									"protocol": "http",
									"host": [
										"localhost"
									],
									"port": "3000",
									"path": [
										"api",
										"users"
									]
								}
							},
							"status": "OK",
							"code": 200,
							"_postman_previewlanguage": "json",
							"header": [
								{
									"key": "X-Powered-By",
									"value": "Express"
								},
								{
									"key": "Access-Control-Allow-Origin",
									"value": "*"
								},
								{
									"key": "Content-Type",
									"value": "application/json; charset=utf-8"
								},
								{
									"key": "Content-Length",
									"value": "76"
								},
								{
									"key": "ETag",
									"value": "W/\"4c-ZRwZaqgbBHhOQ5BFX79wtAa5vLw\""
								},
								{
									"key": "Date",
									"value": "Mon, 23 Jan 2023 03:56:47 GMT"
								},
								{
									"key": "Connection",
									"value": "keep-alive"
								},
								{
									"key": "Keep-Alive",
									"value": "timeout=5"
								}
							],
							"cookie": [],
							"body": "{\n    \"id\": \"63ca6acb8c79d86eb0ffd7af\",\n    \"name\": \"Тест\",\n    \"email\": \"test@gmail.com\"\n}"
						},
						{
							"name": "Get User Info failed",
							"originalRequest": {
								"method": "GET",
								"header": [
									{
										"key": "x-auth",
										"value": "eyJshbGciOiJIUzI1NiIsInR5cCI6IkpXVCJ9.eyJpZCI6IjYzY2E2YWNiOGM3OWQ4NmViMGZmZDdhZiIsImVtYWlsIjoidGVzdEBnbWFpbC5jb20iLCJpYXQiOjE2NzQ0NDU5NjUsImV4cCI6MTY3NTMwOTk2NX0.NjHwrKhntzU-RoIgEOMxqSSgVpyu6nki7FoMfYM_Gf0",
										"type": "text"
									}
								],
								"url": {
									"raw": "http://localhost:3000/api/users",
									"protocol": "http",
									"host": [
										"localhost"
									],
									"port": "3000",
									"path": [
										"api",
										"users"
									]
								}
							},
							"status": "Internal Server Error",
							"code": 500,
							"_postman_previewlanguage": "json",
							"header": [
								{
									"key": "X-Powered-By",
									"value": "Express"
								},
								{
									"key": "Access-Control-Allow-Origin",
									"value": "*"
								},
								{
									"key": "Content-Type",
									"value": "application/json; charset=utf-8"
								},
								{
									"key": "Content-Length",
									"value": "40"
								},
								{
									"key": "ETag",
									"value": "W/\"28-9nEh0wvcinFiyLpnAM488itWOmo\""
								},
								{
									"key": "Date",
									"value": "Mon, 23 Jan 2023 03:59:29 GMT"
								},
								{
									"key": "Connection",
									"value": "keep-alive"
								},
								{
									"key": "Keep-Alive",
									"value": "timeout=5"
								}
							],
							"cookie": [],
							"body": "{\n    \"error\": true,\n    \"message\": \"invalid token\"\n}"
						}
					]
				}
			]
		}
	]
}